INSERT INTO region (code, korean_name)
VALUES ('ASIA', '아시아권'),
       ('AMERICAS', '미주권'),
       ('CHINA', '중국권'),
       ('EUROPE', '유럽권');

INSERT INTO country (code, korean_name, region_code)
VALUES ('BN', '브루나이', 'ASIA'),
       ('SG', '싱가포르', 'ASIA'),
       ('AZ', '아제르바이잔', 'ASIA'),
       ('ID', '인도네시아', 'ASIA'),
       ('JP', '일본', 'ASIA'),
       ('TR', '튀르키예', 'ASIA'),
       ('HK', '홍콩', 'ASIA'),
       ('US', '미국', 'AMERICAS'),
       ('CA', '캐나다', 'AMERICAS'),
       ('AU', '호주', 'ASIA'),
       ('BR', '브라질', 'AMERICAS'),
       ('CO', '콜롬비아', 'AMERICAS'),
       ('NL', '네덜란드', 'EUROPE'),
       ('NO', '노르웨이', 'EUROPE'),
       ('BE', '벨기에', 'EUROPE'),
       ('DK', '덴마크', 'EUROPE'),
       ('DE', '독일', 'EUROPE'),
       ('EE', '에스토니아', 'EUROPE'),
       ('SE', '스웨덴', 'EUROPE'),
       ('CH', '스위스', 'EUROPE'),
       ('ES', '스페인', 'EUROPE'),
       ('GB', '영국', 'EUROPE'),
       ('IE', '아일랜드', 'EUROPE'),
       ('AT', '오스트리아', 'EUROPE'),
       ('IT', '이탈리아', 'EUROPE'),
       ('CZ', '체코', 'EUROPE'),
       ('PT', '포르투갈', 'EUROPE'),
       ('FR', '프랑스', 'EUROPE'),
       ('FI', '핀란드', 'EUROPE'),
       ('CN', '중국', 'CHINA'),
       ('TW', '대만', 'CHINA'),
       ('HU', '헝가리', 'EUROPE'),
       ('LT', '리투아니아', 'EUROPE'),
       ('TH', '태국', 'ASIA'),
       ('UZ', '우즈베키스탄', 'ASIA'),
       ('KZ', '카자흐스탄', 'ASIA'),
       ('IL', '이스라엘', 'ASIA'),
       ('MY', '말레이시아', 'ASIA'),
       ('RU', '러시아', 'EUROPE'),
       ('VN', '베트남', 'ASIA'),
       ('NZ', '뉴질랜드', 'ASIA'),
       ('SI', '슬로베니아', 'EUROPE'),
       ('PL', '폴란드', 'EUROPE'),
       ('RO', '루마니아', 'EUROPE'),
       ('UY', '우루과이', 'AMERICAS'),
       ('MX', '멕시코', 'AMERICAS'),
       ('MA', '모로코', 'EUROPE'),
       ('MO', '마카오', 'CHINA');

INSERT INTO term (name, is_current)
VALUES ('2024-1', true);

INSERT INTO site_user (email, nickname, profile_image_url, exchange_status, role, password, auth_type)
VALUES ('test@test.email', 'yonso', 'https://github.com/nayonsoso.png',
        'CONSIDERING', 'MENTEE',
        '$2a$10$psmwlxPfqWnIlq9JrlQJkuXr1XtjRNsyVOgcTWYZub5jFfn0TML76', 'EMAIL'), -- 12341234
       ('admin@test.email', 'admin', 'https://github.com/nayonsoso.png',
        'CONSIDERING', 'ADMIN',
        '$2a$10$etoPG1B6Ua9Lj2VwruWKGurpMdToxl06g2WGHVk1mFKGfXyKgA5Pm', 'EMAIL'), -- Admin@1234
       ('after1@test.email', '교환완료자1', 'https://github.com/nayonsoso.png',
        'AFTER_EXCHANGE', 'MENTEE',
        '$2a$10$psmwlxPfqWnIlq9JrlQJkuXr1XtjRNsyVOgcTWYZub5jFfn0TML76', 'EMAIL'), -- 12341234
       ('studying1@test.email', '파견중유저1', 'https://github.com/nayonsoso.png',
        'STUDYING_ABROAD', 'MENTEE',
        '$2a$10$psmwlxPfqWnIlq9JrlQJkuXr1XtjRNsyVOgcTWYZub5jFfn0TML76', 'EMAIL'), -- 12341234
       ('approved1@test.email', '승인된멘토1', 'https://github.com/nayonsoso.png',
        'AFTER_EXCHANGE', 'MENTOR',
        '$2a$10$psmwlxPfqWnIlq9JrlQJkuXr1XtjRNsyVOgcTWYZub5jFfn0TML76', 'EMAIL'), -- 12341234
       ('rejected1@test.email', '거절된유저1', 'https://github.com/nayonsoso.png',
        'AFTER_EXCHANGE', 'MENTEE',
        '$2a$10$psmwlxPfqWnIlq9JrlQJkuXr1XtjRNsyVOgcTWYZub5jFfn0TML76', 'EMAIL'), -- 12341234
       ('score1@test.email', '성적보유자1', 'https://github.com/nayonsoso.png',
        'CONSIDERING', 'MENTEE',
        '$2a$10$psmwlxPfqWnIlq9JrlQJkuXr1XtjRNsyVOgcTWYZub5jFfn0TML76', 'EMAIL'); -- 12341234

INSERT INTO home_university (id, name, max_choice_count, email_domain)
VALUES (1, '인하대학교', 3, 'inha.edu');

INSERT INTO host_university(id, country_code, region_code, english_name, format_name, korean_name,
                            accommodation_url, english_course_url, homepage_url,
                            details_for_local, logo_image_url, background_image_url)
VALUES (1, 'US', 'AMERICAS', 'University of Guam', 'university_of_guam', '괌대학',
        'https://www.uog.edu/life-at-uog/residence-halls/', 'https://www.uog.edu/admissions/course-schedule',
        'https://www.uog.edu/admissions/international-students', NULL,
        'https://solid-connection.s3.ap-northeast-2.amazonaws.com/original/university_of_guam/logo.png',
        'https://solid-connection.s3.ap-northeast-2.amazonaws.com/original/university_of_guam/1.png'),
       (2, 'US', 'AMERICAS', 'University of Nevada, Las Vegas', 'university_of_nevada_las_vegas', '네바다주립대학 라스베이거스',
        'https://www.unlv.edu/housing', 'https://www.unlv.edu/engineering/academic-programs',
        'https://www.unlv.edu/engineering/eip', NULL,
        'https://solid-connection.s3.ap-northeast-2.amazonaws.com/original/university_of_nevada_las_vegas/logo.png',
        'https://solid-connection.s3.ap-northeast-2.amazonaws.com/original/university_of_nevada_las_vegas/1.png'),
       (3, 'CA', 'AMERICAS', 'Memorial University of Newfoundland St. John''s',
        'memorial_university_of_newfoundland_st_johns', '메모리얼 대학 세인트존스', 'https://www.mun.ca/residences/',
        'https://www.mun.ca/regoff/registration-and-final-exams/course-offerings/',
        'https://mun.ca/goabroad/visiting-students-inbound/', NULL,
        'https://solid-connection.s3.ap-northeast-2.amazonaws.com/original/memorial_university_of_newfoundland_st_johns/logo.png',
        'https://solid-connection.s3.ap-northeast-2.amazonaws.com/original/memorial_university_of_newfoundland_st_johns/1.png'),
       (4, 'AU', 'AMERICAS', 'University of Southern Queensland', 'university_of_southern_queensland', '서던퀸스랜드대학',
        'https://www.unisq.edu.au/current-students/support/accommodation',
        'https://www.unisq.edu.au/course/specification/current/',
        'https://www.unisq.edu.au/international/partnerships/study-abroad-exchange', NULL,
        'https://solid-connection.s3.ap-northeast-2.amazonaws.com/original/university_of_southern_queensland/logo.png',
        'https://solid-connection.s3.ap-northeast-2.amazonaws.com/original/university_of_southern_queensland/1.png'),
       (5, 'AU', 'AMERICAS', 'University of Sydney', 'university_of_sydney', '시드니대학',
        'https://www.sydney.edu.au/study/accommodation.html', 'www.sydney.edu.au/sydney-abroad-units',
        'https://www.sydney.edu.au/', NULL,
        'https://solid-connection.s3.ap-northeast-2.amazonaws.com/original/university_of_sydney/logo.png',
        'https://solid-connection.s3.ap-northeast-2.amazonaws.com/original/university_of_sydney/1.png'),
       (6, 'AU', 'AMERICAS', 'Curtin University', 'curtin_university', '커틴대학',
        'https://www.curtin.edu.au/study/campus-life/accommodation/#perth', 'https://handbook.curtin.edu.au/',
        'https://www.curtin.edu.au/', NULL,
        'https://solid-connection.s3.ap-northeast-2.amazonaws.com/original/curtin_university/logo.png',
        'https://solid-connection.s3.ap-northeast-2.amazonaws.com/original/curtin_university/1.png'),
       (7, 'DK', 'EUROPE', 'University of Southern Denmark', 'university_of_southern_denmark', '서던덴마크대학교',
        'https://www.sdu.dk/en/uddannelse/information_for_international_students/studenthousing',
        'https://www.sdu.dk/en/uddannelse/exchange_programmes', 'https://www.sdu.dk/en', NULL,
        'https://solid-connection.s3.ap-northeast-2.amazonaws.com/original/university_of_southern_denmark/logo.png',
        'https://solid-connection.s3.ap-northeast-2.amazonaws.com/original/university_of_southern_denmark/1.png'),
       (8, 'DK', 'EUROPE', 'IT University of Copenhagen', 'it_university_of_copenhagen', '코펜하겐 IT대학',
        'https://en.itu.dk/Programmes/Student-Life/Practical-information-for-international-students',
        'https://en.itu.dk/Programmes/Exchange-students/Become-an-exchange-student-at-ITU',
        'https://en.itu.dk/programmes/exchange-students/become-an-exchange-student-at-itu', NULL,
        'https://solid-connection.s3.ap-northeast-2.amazonaws.com/original/it_university_of_copenhagen/logo.png',
        'https://solid-connection.s3.ap-northeast-2.amazonaws.com/original/it_university_of_copenhagen/1.png'),
       (9, 'DE', 'EUROPE', 'Neu-Ulm University of Applied Sciences', 'neu-ulm_university_of_applied_sciences',
        '노이울름 대학',
        'https://www.hnu.de/fileadmin/user_upload/5_Internationales/International_Incomings/Bewerbung/Housing_Broschure.pdf',
        'https://www.hnu.de/en/international/international-exchange-students/courses-taught-in-english',
        'https://www.hnu.de/en/international', NULL,
        'https://solid-connection.s3.ap-northeast-2.amazonaws.com/original/neu-ulm_university_of_applied_sciences/logo.png',
        'https://solid-connection.s3.ap-northeast-2.amazonaws.com/original/neu-ulm_university_of_applied_sciences/1.png'),
       (10, 'GB', 'EUROPE', 'University of Hull', 'university_of_hull', '헐대학',
        'https://www.hull.ac.uk/Choose-Hull/Student-life/Accommodation/accommodation.aspx',
        'https://universityofhull.app.box.com/s/mpvulz3yz0uijdt68rybce19nek0d8eh',
        'https://www.hull.ac.uk/choose-hull/study-at-hull/need-to-know/key-dates', NULL,
        'https://solid-connection.s3.ap-northeast-2.amazonaws.com/original/university_of_hull/logo.png',
        'https://solid-connection.s3.ap-northeast-2.amazonaws.com/original/university_of_hull/1.png'),
       (11, 'AT', 'EUROPE', 'University of Graz', 'university_of_graz', '그라츠 대학',
        'https://orientation.uni-graz.at/de/planning-the-arrival/accommodation/',
        'https://static.uni-graz.at/fileadmin/veranstaltungen/orientation/documents/incstud_application-courses.pdf',
        'https://www.uni-graz.at/en/', NULL,
        'https://solid-connection.s3.ap-northeast-2.amazonaws.com/original/university_of_graz/logo.png',
        'https://solid-connection.s3.ap-northeast-2.amazonaws.com/original/university_of_graz/1.png'),
       (12, 'AT', 'EUROPE', 'Graz University of Technology', 'graz_university_of_technology', '그라츠공과대학',
        'https://www.tugraz.at/en/studying-and-teaching/studying-internationally/incoming-students-exchange-at-tu-graz/your-stay-at-tu-graz/preparation#c75033',
        'https://tugraz.at/go/search-courses', 'https://www.tugraz.at/en/home', NULL,
        'https://solid-connection.s3.ap-northeast-2.amazonaws.com/original/graz_university_of_technology/logo.png',
        'https://solid-connection.s3.ap-northeast-2.amazonaws.com/original/graz_university_of_technology/1.png'),
       (13, 'AT', 'EUROPE', 'Catholic Private University Linz', 'catholic_private_university_linz', '린츠 카톨릭 대학교', NULL,
        'https://ku-linz.at/en/ku_international/incomings/kulis', 'https://ku-linz.at/en', NULL,
        'https://solid-connection.s3.ap-northeast-2.amazonaws.com/original/catholic_private_university_linz/logo.png',
        'https://solid-connection.s3.ap-northeast-2.amazonaws.com/original/catholic_private_university_linz/1.png'),
       (14, 'AT', 'EUROPE', 'University of Applied Sciences Technikum Wien',
        'university_of_applied_sciences_technikum_wien', '빈 공과대학교', NULL,
        'https://www.technikum-wien.at/en/international/student-mobility/',
        'https://www.technikum-wien.at/international/studierendenmobilitaet-2/', NULL,
        'https://solid-connection.s3.ap-northeast-2.amazonaws.com/original/university_of_applied_sciences_technikum_wien/logo.png',
        'https://solid-connection.s3.ap-northeast-2.amazonaws.com/original/university_of_applied_sciences_technikum_wien/1.png'),
       (15, 'FR', 'EUROPE', 'IPSA', 'ipsa', 'IPSA', 'https://www.ipsa.fr/en/student-life/pratical-information/', NULL,
        'https://www.ipsa.fr/en/engineering-school/aeronautical-space', NULL,
        'https://solid-connection.s3.ap-northeast-2.amazonaws.com/original/ipsa/logo.png',
        'https://solid-connection.s3.ap-northeast-2.amazonaws.com/original/ipsa/1.png'),
       (16, 'JP', 'ASIA', 'Meiji University', 'meiji_university', '메이지대학',
        'https://www.meiji.ac.jp/cip/english/admissions/co7mm90000000461-att/co7mm900000004fa.pdf', NULL,
        'https://www.meiji.ac.jp/cip/english/admissions/co7mm90000000461-att/co7mm900000004fa.pdf', NULL,
        'https://solid-connection.s3.ap-northeast-2.amazonaws.com/original/meiji_university/logo.png',
        'https://solid-connection.s3.ap-northeast-2.amazonaws.com/original/meiji_university/1.png'),
       (17, 'JP', 'ASIA', 'BAIKA Women''s University', 'baika_womens_university', '바이카여자대학',
        'https://dormy-ac.com/page/baika/', NULL, 'https://www.baika.ac.jp/english/', NULL,
        'https://solid-connection.s3.ap-northeast-2.amazonaws.com/original/baika_womens_university/logo.png',
        'https://solid-connection.s3.ap-northeast-2.amazonaws.com/original/baika_womens_university/1.png'),
       (18, 'JP', 'ASIA', 'Bunkyo Gakuin University', 'bunkyo_gakuin_university', '분쿄가쿠인대학', NULL, NULL,
        'https://www.bgu.ac.jp/', NULL,
        'https://solid-connection.s3.ap-northeast-2.amazonaws.com/original/bunkyo_gakuin_university/logo.png',
        'https://solid-connection.s3.ap-northeast-2.amazonaws.com/original/bunkyo_gakuin_university/1.png');

INSERT INTO university_info_for_apply(term_id, university_id, home_university_id, korean_name, semester_requirement, student_capacity,
                                      semester_available_for_dispatch, details_for_language,
                                      details_for_accommodation)
VALUES (1, 1, 1, '괌대학(A형)', 2, 1, 'IRRELEVANT',
        '외국어 성적 유효기간이 파견대학의 지원시까지 유효해야함', NULL),
       (1, 1, 1, '괌대학(B형)', 2, 2, 'IRRELEVANT',
        '외국어 성적 유효기간이 파견대학의 지원시까지 유효해야함', NULL),
       (1, 2, 1, '네바다주립대학 라스베이거스(B형)', 2, 5, 'IRRELEVANT',
        '영어 점수는 다음의 세부영역 점수를 각각 만족해야 함<br>    - IELTS : 모든 영역에서 5.5 이상', NULL),
       (1, 3, 1, '메모리얼 대학 세인트존스(A형)', 2, 4, 'ONE_SEMESTER',
        '영어 점수는 다음의 세부영역 점수를 각각 만족해야함<br>  - TOEFL iBT : 읽기/쓰기 20점, 듣기/말하기 17점 이상<br>  - IELTS : 모든 영역에서 6.0 이상<br> - 외국어 성적 유효기간이 파견대학의 학기 시작하는 날까지 유효해야함 ',
        NULL),
       (1, 3, 1, '메모리얼 대학 세인트존스(B형)', 2, 5, 'IRRELEVANT',
        '영어 점수는 다음의 세부영역 점수를 각각 만족해야함<br>  - TOEFL iBT : 읽기/쓰기 20점, 듣기/말하기 17점 이상<br>  - IELTS : 모든 영역에서 6.0 이상<br> - 외국어 성적 유효기간이 파견대학의 학기 시작하는 날까지 유효해야함 ',
        NULL),
       (1, 4, 1, '서던퀸스랜드대학(B형)', 2, 5, 'ONE_SEMESTER',
        '영어 점수는 다음의 세부영역 점수를 각각 만족해야 함<br>  - IELTS: 각 영역 최소 5.5 이상<br>- 외국어 성적 유효기간이 파견대학의 지원시까지 유효해야함 ',
        NULL),
       (1, 5, 1, '시드니대학', 2, 5, 'IRRELEVANT',
        '영어 점수는 다음의 세부영역 점수를 각각 만족해야함<br>   - IELTS: 모든 영역에서 6.0 이상<br>   - TOEFL IBT: 읽기/듣기/말하기 17점, 쓰기 19점 이상<br>- 어학성적은 파견학기 시작시까지 유효하여야함',
        NULL),
       (1, 6, 1, '커틴대학(A형)', 2, 3, 'ONE_SEMESTER',
        '영어 점수는 다음의 세부영역 점수를 각각 만족해야함<br>   - IELTS: 모든 영역에서 6.0 이상<br>   - TOEFL IBT: 읽기 13점, 쓰기 21점, 듣기 13점, 말하기 18점 이상<br>- 어학성적은 파견학기 시작시까지 유효하여야함',
        NULL),
       (1, 7, 1, '서던덴마크대학교', 4, 2, 'IRRELEVANT', NULL, '- 교외 숙소'),
       (1, 8, 1, '코펜하겐 IT대학', 2, 2, 'ONE_SEMESTER', NULL, '- 제공(학교 운영 기숙사 아님) <br>- 선착순 배정'),
       (1, 9, 1, '노이울름 대학', 2, 3, 'IRRELEVANT',
        '영어 점수는 다음의 세부영역 점수를 각각 만족해야 함<br>   - TOEFL IBT: 읽기 18점; 듣기 17점, 말하기 20점, 쓰기 17점<br>   - TOEIC: 읽기 385점, 듣기 400점, 말하기 160점, 쓰기 150점<br>외국어 성적 유효기간이 파견대학의 학기 시작하는 시점까지 유효해야 함',
        NULL),
       (1, 10, 1, '헐대학', 4, 3, 'ONE_SEMESTER',
        '- 영어 점수는 다음의 세부영역 점수를 각각 만족해야 함<br>  - TOEFL iBT : 듣기 및 쓰기 18점, 읽기 18점, 말하기 20점, 쓰기 18점 이상<br>  - IELTS : 모든 영역에서 6.0이상',
        NULL),
       (1, 11, 1, '그라츠 대학', 3, 2, 'IRRELEVANT', NULL,
        '학교인근 외부 숙소는 있지만, 외부업체운영숙소라 대학관할아님'),
       (1, 12, 1, '그라츠공과대학', 2, 2, 'IRRELEVANT',
        '- 영어 점수는 다음의 세부영역 점수를 각각 만족해야 함<br>  - TOEFL IBT: 읽기 18점 이상, 쓰기 17점 이상, 말하기 20점 이상, 듣기 17점 이상<br>  - IELTS: 쓰기 5.5점 이상, 말하기 6점 이상<br> ''- TOEIC의 경우 S/W 점수 합산 310점 이상 ',
        '자체기숙사는 없음. 교환학생이 많이 지원한 학기에는 예약이 어려울 수도 있음(선착순 경우많음). 더블룸 기준약 한달에 € 340 per month (기숙사 종류게 따라 가격 차이 유) 예산잡으면됨.'),
       (1, 13, 1, '린츠 카톨릭 대학교', 3, 2, 'ONE_SEMESTER', NULL,
        '학교에서 몇가지 기숙사 옵션 합격시 연결예정.'),
       (1, 14, 1, '빈 공과대학교', 3, 2, 'IRRELEVANT', NULL, '기숙사없음'),
       (1, 15, 1, 'IPSA', 4, 3, 'IRRELEVANT', NULL, '- 미제공'),
       (1, 16, 1, '메이지대학', 2, 3, 'IRRELEVANT', '학부별로 기준 상이, 관련페이지 참조', NULL),
       (1, 17, 1, '바이카여자대학', 2, 1, 'IRRELEVANT', NULL,
        '기숙사 없음, 계약된 외부 기숙사 사용-"Maison de Claire Ibaraki" 62,300엔/월, 2식 포함, 계약시 66,000엔 청구 (2023년 6월기준)'),
       (1, 18, 1, '분쿄가쿠인대학', 2, 3, 'ONE_YEAR', NULL,
        '기숙사 보유, off campus, 식사 미제공, 45,000~50,000엔/월');

INSERT INTO language_requirement(language_test_type, min_score, university_info_for_apply_id)
VALUES ('TOEFL_IBT', '80', 1),
       ('IELTS', '6.5', 1),
       ('TOEFL_IBT', '80', 2),
       ('IELTS', '6.5', 2),
       ('TOEFL_IBT', '79', 3),
       ('IELTS', '6.0', 3),
       ('TOEFL_IBT', '88', 4),
       ('IELTS', '6.5', 4),
       ('TOEFL_IBT', '88', 5),
       ('IELTS', '6.5', 5),
       ('TOEFL_IBT', '85', 6),
       ('IELTS', '6.5', 6),
       ('TOEFL_IBT', '85', 7),
       ('IELTS', '6.5', 7),
       ('TOEFL_IBT', '80', 8),
       ('IELTS', '6.0', 8),
       ('TOEFL_IBT', '83', 9),
       ('IELTS', '6.5', 9),
       ('TOEFL_IBT', '87', 10),
       ('IELTS', '6.5', 10),
       ('TOEFL_IBT', '90', 11),
       ('IELTS', '6.5', 11),
       ('TOEFL_IBT', '85', 12),
       ('IELTS', '6.5', 12),
       ('TOEFL_IBT', '82', 13),
       ('IELTS', '6.0', 13),
       ('TOEFL_IBT', '85', 14),
       ('IELTS', '6.5', 14),
       ('TOEFL_IBT', '90', 15),
       ('IELTS', '7.0', 15),
       ('TOEFL_IBT', '85', 16),
       ('IELTS', '6.5', 16),
       ('DELF', 'B2', 17),
       ('DALF', 'C1', 17),
       ('JLPT', 'N2', 18),
       ('JLPT', 'N1', 19),
       ('TOEFL_IBT', '85', 20),
       ('IELTS', '6.5', 20);

INSERT INTO board (code, korean_name)
VALUES ('EUROPE', '유럽권'),
       ('AMERICAS', '미주권'),
       ('ASIA', '아시아권'),
       ('FREE', '자유게시판');

-- 성적 관리 테스트 데이터
-- site_user ID: 1(yonso), 3(교환완료자1), 4(파견중유저1), 7(성적보유자1)
INSERT INTO gpa_score (gpa, gpa_criteria, gpa_report_url, verify_status, rejected_reason, site_user_id)
VALUES (3.5, 4.5, 'https://example.com/gpa/yonso.pdf', 'PENDING', NULL, 1),
       (3.8, 4.5, 'https://example.com/gpa/after1.pdf', 'APPROVED', NULL, 3),
       (3.2, 4.5, 'https://example.com/gpa/studying1.pdf', 'REJECTED', '성적표 진위 확인 불가', 4),
       (4.0, 4.5, 'https://example.com/gpa/score1.pdf', 'PENDING', NULL, 7);

INSERT INTO language_test_score (language_test_type, language_test_score, language_test_report_url, verify_status, rejected_reason, site_user_id)
VALUES ('TOEFL_IBT', '85', 'https://example.com/lang/yonso.pdf', 'PENDING', NULL, 1),
       ('IELTS', '7.0', 'https://example.com/lang/after1.pdf', 'APPROVED', NULL, 3),
       ('TOEIC', '800', 'https://example.com/lang/studying1.pdf', 'REJECTED', '성적표 유효기간 만료', 4),
       ('TOEFL_IBT', '90', 'https://example.com/lang/score1.pdf', 'PENDING', NULL, 7);

-- 멘토 승격 요청 테스트 데이터
-- PENDING(CATALOG): site_user 3 → 심사 대기 중, 카탈로그 대학 선택
-- PENDING(OTHER): site_user 4 → 심사 대기 중, 대학 미선택 (assignUniversity 기능 테스트용)
-- APPROVED: site_user 5 → 이미 승인됨
-- REJECTED: site_user 6 → 거절됨
INSERT INTO mentor_application (site_user_id, country_code, university_id, university_select_type,
                                mentor_proof_url, term_id, rejected_reason,
                                exchange_status, mentor_application_status, approved_at)
VALUES (3, 'US', 1, 'CATALOG',
        'https://example.com/proof/after1.pdf', 1, NULL,
        'AFTER_EXCHANGE', 'PENDING', NULL),
       (4, 'JP', NULL, 'OTHER',
        'https://example.com/proof/studying1.pdf', 1, NULL,
        'STUDYING_ABROAD', 'PENDING', NULL),
       (5, 'US', 1, 'CATALOG',
        'https://example.com/proof/approved1.pdf', 1, NULL,
        'AFTER_EXCHANGE', 'APPROVED', NOW()),
       (6, 'US', 2, 'CATALOG',
        'https://example.com/proof/rejected1.pdf', 1, '파견 증빙 서류 불충분',
        'AFTER_EXCHANGE', 'REJECTED', NULL);

-- APPROVED 멘토 신청에 대응하는 mentor 레코드 (site_user 5)
INSERT INTO mentor (site_user_id, university_id, term_id, mentee_count, has_badge)
VALUES (5, 1, 1, 0, false);
